image_id,pred_x,pred_y,confidence
pair_001,364.50604112822924,430.3558328780657,0.7907963395118713
pair_002,347.07287968838773,717.1502228345629,0.8354756832122803
pair_003,558.5633063431619,401.4301047989776,0.45294538140296936
pair_004,460.7289287917548,524.2488644472689,0.7776102423667908
pair_005,641.3496221853467,623.5804219405101,0.5900534987449646
pair_006,118.2435085320759,356.2703479011786,0.6933403015136719
pair_007,338.1776207741803,595.5736893387948,0.8190959692001343
pair_008,370.61953667329294,566.6366698759623,0.8066408038139343
pair_009,377.33713244945153,634.6955290782363,0.5609483122825623
pair_010,630.9172238897722,576.8168454832503,0.8161118626594543
pair_011,306.59612231332073,288.47503748098075,0.6795066595077515
pair_012,240.86606409389208,182.2700390771529,0.6948932409286499
pair_013,433.52278288057863,552.7895076360685,0.7738162279129028
pair_014,471.85556589574395,270.93997837894926,0.7939817309379578
pair_015,336.36587064625934,602.4519515130197,0.6159586310386658
pair_016,266.2671824587117,669.8963854298383,0.8393716812133789
pair_017,715.4861942311919,300.6686991593982,0.5611298680305481
pair_018,642.911003744522,745.0234320451822,0.7109333276748657
pair_019,273.1285868799281,335.2512572101184,0.8426010608673096
pair_020,158.7969580431438,554.2565017867773,0.7229267358779907
pair_021,534.4618314064343,412.36763928853867,0.5128622651100159
pair_022,529.6795029048565,476.25705756091924,0.7796643972396851
pair_023,570.3923342885872,261.64311708823243,0.6758683323860168
pair_024,317.47222216254585,303.68019344299887,0.7060779929161072
pair_025,272.84606558400924,416.5239423211164,0.695472776889801
pair_026,523.2892499243808,698.7056871680127,0.8283292055130005
pair_027,385.5422334201608,503.2468714660593,0.5171966552734375
pair_028,583.944160923789,494.25740270782387,0.7788822054862976
pair_029,690.4902650915346,642.5395396313593,0.6630303859710693
pair_030,694.7988731001944,452.0700264735147,0.7350545525550842
pair_031,372.51590553157985,427.2272060573496,0.7908077239990234
pair_032,417.147071540568,590.9727468523273,0.8559959530830383
pair_033,718.629278299287,700.6927069608881,0.6631065011024475
pair_034,509.2144492694655,476.2556724645611,0.7768659591674805
pair_035,504.9466719185686,308.02835661866766,0.4967148005962372
pair_036,658.4317801219197,266.9034825887499,0.7522552013397217
pair_037,574.6005631992354,651.1270815187644,0.8208082318305969
pair_038,693.3128640183605,338.1384931838405,0.8537540435791016
pair_039,614.4030323135162,631.3807876149406,0.5894598364830017
pair_040,270.4705537125868,447.9461282079263,0.8384232521057129
pair_041,671.3251923092416,300.47214913685565,0.6919068098068237
pair_042,338.98481677888543,733.7181688055548,0.7498039603233337
pair_043,607.0206108950821,526.4025103472359,0.8194039463996887
pair_044,182.15484070751302,422.2694149546263,0.7279793620109558
pair_045,385.5111306136804,549.6814568176776,0.5160672664642334
pair_046,555.8478121708765,649.235968439263,0.8610464930534363
pair_047,616.5028447154403,429.56193735212156,0.6728289127349854
pair_048,431.0383556996567,602.593279535429,0.6929420828819275
pair_049,722.2087968727947,367.44872164625633,0.8062322735786438
pair_050,334.49447251932645,182.2443351066444,0.7244357466697693
pair_051,250.8748307481443,698.283191382788,0.6956886649131775
pair_052,508.33164003140655,506.2434832072898,0.7781312465667725
pair_053,591.4474835762172,369.4577942542669,0.6139105558395386
pair_054,275.13490885968855,379.9449266592121,0.7964680790901184
pair_055,520.0301700561064,478.6341464551231,0.810945987701416
pair_056,702.0431647283032,271.9048343265897,0.8529663681983948
pair_057,298.4318754527969,733.5114088905342,0.6368449926376343
pair_058,612.6150298942212,591.1108781394531,0.9072548151016235
pair_059,746.2854161658657,395.9700289741015,0.6368446350097656
pair_060,220.63349303531325,188.25868468029228,0.6973617076873779
pair_061,680.7258084317483,702.3566106026076,0.8136520385742188
pair_062,523.6917534091631,620.0109100572497,0.8674259781837463
pair_063,303.36739808974227,450.4492801412712,0.6191966533660889
pair_064,529.3466875875463,488.252821828312,0.7760027050971985
pair_065,254.55416083640034,289.3353015733434,0.683214545249939
pair_066,706.6366018683528,535.732581068231,0.7090672850608826
pair_067,586.0412548672723,317.5046449290925,0.7994747161865234
pair_068,153.004117509055,554.2476967273914,0.7256994247436523
pair_069,687.4329944064093,493.59088470920295,0.5358759760856628
pair_070,447.01951616332957,716.9923889034425,0.924383819103241
pair_071,385.0440214460151,298.7227071658904,0.6164452433586121
pair_072,363.9769798698325,302.47900786901005,0.7177795767784119
pair_073,627.2845966119385,295.6846273112507,0.8076649904251099
pair_074,302.8248081155311,608.7771381417247,0.8527101874351501
pair_075,480.1121403666418,390.3103063158128,0.5201720595359802
pair_076,426.4852866482681,721.534934543322,0.8134084343910217
pair_077,593.7594567179306,681.2006210085607,0.6260979175567627
pair_078,247.46984508638732,206.25997650677894,0.6955000162124634
pair_079,744.2624123999194,331.0966199402751,0.8313166499137878
pair_080,540.3144221499174,476.0833418733512,0.856311559677124
pair_081,465.59733799980376,505.54928481690905,0.48274701833724976
pair_082,351.544249914854,693.9922425873689,0.8308671116828918
pair_083,357.49681754527063,352.3569392763194,0.668423593044281
pair_084,186.75093683024124,248.26660856576476,0.6915784478187561
pair_085,316.3534627599294,414.66428372583977,0.8068260550498962
pair_086,449.14041090247264,267.82190512221877,0.7806497812271118
pair_087,492.4991540909793,283.23711810627447,0.5861022472381592
pair_088,432.24204231109655,691.1335284530629,0.8680015802383423
pair_089,308.49651277936124,655.2625080881062,0.6958984136581421
pair_090,172.50666723449413,206.2717577591046,0.6979896426200867
pair_091,264.7786955882198,666.1269143251911,0.8516054153442383
pair_092,316.1852990942634,170.25606428847752,0.7287040948867798
pair_093,352.0024855920893,561.8551787310558,0.5728281736373901
pair_094,291.38251983590885,616.1374029969088,0.8066325187683105
pair_095,353.70462229488413,663.989657794967,0.6347079873085022
pair_096,229.96382331702733,200.25270942630758,0.6923947334289551
pair_097,591.7293269375216,270.21098556934993,0.8381687998771667
pair_098,642.5513976276096,597.3066234671128,0.7763957381248474
pair_099,378.87317563977234,290.4224935034406,0.6267836093902588
pair_100,515.2908692007824,482.2489716244487,0.7784143090248108
pair_101,673.3223364570722,378.5607280732121,0.6298604011535645
pair_102,125.63915649767954,530.2609775633581,0.6926639676094055
pair_103,444.789211972486,536.7063368485947,0.6933717131614685
pair_104,214.5219551794511,176.24341847033028,0.7339421510696411
pair_105,269.6179651811057,506.54642773062284,0.6079148054122925
pair_106,712.721329110298,416.16422871976346,0.9212262630462646
pair_107,627.2777991018714,731.6749420623692,0.6521263718605042
pair_108,66.66073351747274,476.274033343358,0.694765031337738
pair_109,286.4760280617663,520.9533129216319,0.8081952333450317
pair_110,292.28541903366937,531.8142850266328,0.7847536206245422
pair_111,678.1957913158177,638.4881986550503,0.626090407371521
pair_112,482.919846541831,572.2580516299276,0.7779092192649841
pair_113,739.1975499339194,336.4610760334789,0.6805019378662109
pair_114,56.94714779249229,446.2699405803333,0.6966619491577148
pair_115,362.73801340026824,509.7547200455343,0.8299910426139832
pair_116,189.98116800808796,314.25290008844013,0.719342827796936
pair_117,527.3944642453862,458.4160392065061,0.4970940351486206
pair_118,737.5616615661626,541.6259093562601,0.8444547057151794
pair_119,391.4052043771968,485.4659408899366,0.6667751669883728
pair_120,341.6595034844725,140.26894385984227,0.6899487972259521
pair_121,614.5512831602763,601.93895716619,0.8216421008110046
pair_122,654.1097049312696,500.28037218708124,0.8205807209014893
pair_123,572.1733955344852,252.91523101791793,0.6009203195571899
pair_124,427.8076256362065,619.2354776129802,0.8607256412506104
pair_125,577.8367091031141,719.7008278702482,0.615290105342865
pair_126,267.3082519665465,709.7285348507023,0.7529165744781494
pair_127,473.6830275255595,742.9942402103957,0.8344581723213196
pair_128,486.17643610164157,344.4597035609234,0.7744107246398926
pair_129,556.5052149238657,605.5819341593157,0.552535355091095
pair_130,514.2955391843078,510.82290023190774,0.8172037601470947
pair_131,478.5546953529379,727.514153934668,0.6392037272453308
pair_132,121.20789266277932,458.2679931404819,0.6912941336631775
pair_133,441.129151973575,606.0265929421809,0.8647152781486511
pair_134,445.35717453760526,86.25645591413871,0.7338711023330688
pair_135,532.2054991912557,459.46410585458335,0.5008059740066528
pair_136,488.12610816736156,436.17729091195224,0.7929721474647522
pair_137,260.7560733105317,348.6094001195317,0.5767839550971985
pair_138,139.78210327380896,272.2662524920149,0.6934024691581726
pair_139,381.7995616742155,645.4620275926403,0.8101987838745117
pair_140,748.9199144719125,613.6074997972484,0.7813594341278076
pair_141,431.32004363774325,355.3486088603711,0.6011691689491272
pair_142,499.65438990903226,512.2448290306037,0.7824816703796387
pair_143,702.8508242928161,579.01510267762,0.6143432855606079
pair_144,118.30694298569533,638.2579113261764,0.6923688054084778
pair_145,425.20311976779345,504.6132325450425,0.7226170897483826
pair_146,630.954965287451,531.6653327399388,0.7416561245918274
pair_147,446.4280237463607,794.4107186666462,0.43542006611824036
pair_148,458.7861776014118,254.25875620180562,0.9062055945396423
pair_149,705.4754580135968,557.4728247170739,0.6569355726242065
pair_150,598.0213336116892,613.8640819122469,0.7353826761245728
pair_151,294.2793020631247,727.2707627768641,0.8307636976242065
pair_152,436.99359420714615,276.9747683915152,0.7932801842689514
pair_153,668.5859122013925,469.6883927571305,0.4957796037197113
pair_154,440.9356763915805,494.2553558305261,0.7778422236442566
pair_155,440.53411217521096,540.4429234569528,0.5833021402359009
pair_156,590.1667112720037,560.2682432140388,0.7017084360122681
pair_157,397.1399593424621,673.6835230242872,0.8220150470733643
pair_158,716.460654518144,267.88201262107367,0.7742786407470703
pair_159,690.4148907477164,646.4336908657681,0.6710131764411926
pair_160,616.8036528813277,259.5123326917306,0.804034411907196
pair_161,393.3940250113768,678.8536273359921,0.6366362571716309
pair_162,451.5159409085016,638.416131839962,0.7016682028770447
pair_163,383.41550824853016,374.32155022288083,0.8036791086196899
pair_164,261.46867907519345,498.93387243256063,0.7896429896354675
pair_165,482.4277775529006,707.269780389851,0.6140410900115967
pair_166,521.2794419430492,506.24068840484665,0.7781863212585449
pair_167,655.5077977720181,562.6515768618067,0.6121294498443604
pair_168,733.824436553595,679.2980776651027,0.7014751434326172
pair_169,587.4333690301843,480.4667356405928,0.7460039854049683
pair_170,574.9547098058302,284.8657420347855,0.8433693647384644
pair_171,510.6260450401783,558.6782497094658,0.5157058238983154
pair_172,448.79817640998886,308.8968193263643,0.9204042553901672
pair_173,697.3294691240069,522.3080048939871,0.650077223777771
pair_174,699.7434177444745,746.2490662158045,0.7747980356216431
pair_175,748.135798632299,553.8721930391865,0.8515403866767883
pair_176,615.564147949732,656.8598077797365,0.8640479445457458
pair_177,743.5172514941285,675.2864226580042,0.6659802198410034
pair_178,448.90312821990045,440.25382418498356,0.7784913182258606
pair_179,283.4229869085717,694.7689756439364,0.6568958163261414
pair_180,723.2495645456762,631.8273023091657,0.7568259239196777
pair_181,451.30212167049524,642.1387577149645,0.8327508568763733
pair_182,114.88156775434287,560.2392623891684,0.7259677052497864
pair_183,597.882881884544,584.1192442737201,0.5247137546539307
pair_184,471.74405408885025,506.2529113523287,0.7799838185310364
pair_185,590.7529746702713,385.7031870281638,0.5910894870758057
pair_186,261.78501434729804,236.26125066028894,0.6916460990905762
pair_187,268.8048285757595,260.3847142989849,0.7038558721542358
pair_188,86.8113642280388,584.2563837422001,0.7279388308525085
pair_189,274.50955861161776,274.2060426843445,0.6867080330848694
pair_190,710.775521888756,620.226456289232,0.9126675724983215
pair_191,576.3252740269373,721.515218625342,0.6685284972190857
pair_192,282.86826042555515,649.7074424573567,0.7390952110290527
pair_193,345.8186675796959,604.9381580358652,0.844597339630127
pair_194,364.6200064946739,194.2685761343449,0.7251049876213074
pair_195,602.5390427827481,449.5071961435475,0.43677639961242676
pair_196,479.5777997790389,524.2503155967106,0.7805960178375244
pair_197,506.01574240224403,731.7310281492769,0.6135014295578003
pair_198,116.75616990626493,644.269534235858,0.6958842277526855
pair_199,444.19084215928507,521.3696141537098,0.7621265053749084
pair_200,740.8675391143902,639.4396751086279,0.7536662817001343
sample_001,723.3552845296553,362.8803643874855,0.6105254888534546
sample_002,306.67740104275236,623.674323849998,0.4953230619430542
sample_003,362.1110934311889,382.07294682800995,0.8935840129852295
